"Evan Fischer",6495887
"Evan Fischer",6495888
"Evan Fischer",7493767
"Evan Fischer",9680819
"Evan Fischer",9680820
"Evan Fischer",2355255
"Evan Fischer",2355257
"Evan Fischer",9680818
"Evan Fischer",2355257
"Evan Fischer",6495887
"Evan Fischer",6495888
"Evan Fischer",7493767
"Evan Fischer",9680818
"Evan Fischer",9680819
"Evan Fischer",9680820
"Evan Fischer",7843777
"Evan Fischer",7843777
"Evan Fischer",8473511
"Evan Fischer",8473512
"Evan Fischer",8473525
"Evan Fischer",9680822
"Evan Fischer",9680824
"Evan Fischer",4401737
"Evan Fischer",4401738
"Evan Fischer",6468075
"Evan Fischer",7447713
"Evan Fischer",7447714
"Evan Fischer",7470037
"Evan Fischer",9680828
"Evan Fischer",9680829
"Evan Fischer",9680830
"Evan Fischer",9680831
"Evan Fischer",9680832
"Evan Fischer",9680834
"Evan Fischer",9680836
"Evan Fischer",4401737
"Evan Fischer",4401738
"Evan Fischer",6468075
"Evan Fischer",7447713
"Evan Fischer",7447714
"Evan Fischer",7470037
"Evan Fischer",8924463
"Evan Fischer",8952187
"Evan Fischer",8952188
"Evan Fischer",9680828
"Evan Fischer",9680829
"Evan Fischer",9680830
"Evan Fischer",9680831
"Evan Fischer",9680832
"Evan Fischer",9680834
"Evan Fischer",9680836
"Evan Fischer",9680839
"Evan Fischer",9680840
"Evan Fischer",9680841
"Evan Fischer",9680842
"Evan Fischer",9680843
"Evan Fischer",9680844
"Evan Fischer",9680846
"Evan Fischer",8924463
"Evan Fischer",8952187
"Evan Fischer",8952188
"Evan Fischer",9680839
"Evan Fischer",9680840
"Evan Fischer",9680841
"Evan Fischer",9680842
"Evan Fischer",9680843
"Evan Fischer",9680844
"Evan Fischer",9680846
"Evan Fischer",6107663
"Evan Fischer",6107664
"Evan Fischer",8431028
"Evan Fischer",6107663
"Evan Fischer",6107664
"Evan Fischer",8431028
"Evan Fischer",6107663
"Evan Fischer",6107664
"Evan Fischer",8431028
"Evan Fischer",7527866
"Evan Fischer",2355268
"Evan Fischer",7447719
"Evan Fischer",8996565
"Evan Fischer",8996566
"Evan Fischer",8996569
"Evan Fischer",4401750
"Evan Fischer",4401750
"Evan Fischer",2355249
"Evan Fischer",2355252
"Evan Fischer",7770492
"Evan Fischer",7770493
"Evan Fischer",7770530
"Evan Fischer",6107679
"Evan Fischer",7447720
"Evan Fischer",7470038
"Evan Fischer",8286399
"Evan Fischer",8286400
"Evan Fischer",8286414
"Evan Fischer",8286399
"Evan Fischer",8286400
"Evan Fischer",8286414
"Evan Fischer",4401750
"Evan Fischer",2355271
"Evan Fischer",2355250
"Evan Fischer",2355253
"Evan Fischer",2355268
"Evan Fischer",7527866
"Evan Fischer",2355268
"Evan Fischer",7527866
"Evan Fischer",2355254
"Evan Fischer",2355249
"Evan Fischer",2355250
"Evan Fischer",4401746
"Evan Fischer",2355249
"Evan Fischer",2355250
"Evan Fischer",4401746
"Evan Fischer",2355249
"Evan Fischer",2355250
"Evan Fischer",2355249
"Evan Fischer",2355250
"Evan Fischer",2355252
"Evan Fischer",4401747
"Evan Fischer",8473510
"Evan Fischer",2355267
"Evan Fischer",7527865
"Evan Fischer",2355252
"Evan Fischer",4401747
"Evan Fischer",2355252
"Evan Fischer",7492785
"Evan Fischer",7527865
"Evan Fischer",8276013
"Evan Fischer",8421427
"Evan Fischer",8474780
"Evan Fischer",8474781
"Evan Fischer",8476534
"Evan Fischer",8915592
"Evan Fischer",2355249
"Evan Fischer",2355250
"Evan Fischer",4401746
"Evan Fischer",2355249
"Evan Fischer",2355250
"Evan Fischer",4401746
"Evan Fischer",2355249
"Evan Fischer",2355250
"Evan Fischer",4401746
"Evan Fischer",2355249
"Evan Fischer",2355250
"Evan Fischer",4401746
"Evan Fischer",2355252
"Evan Fischer",4401747
"Evan Fischer",4401749
"Evan Fischer",4401749
"Evan Fischer",2355252
"Evan Fischer",4401747
"Evan Fischer",2355249
"Evan Fischer",2355250
"Evan Fischer",4401746
"Evan Fischer",4401748
"Evan Fischer",6747917
"Evan Fischer",7447719
"Evan Fischer",8915593
"Evan Fischer",5749923
"Evan Fischer",2355267
"Evan Fischer",4401748
"Evan Fischer",5749923
"Evan Fischer",8996565
"Evan Fischer",8996566
"Evan Fischer",8996569
"Evan Fischer",4401747
"Evan Fischer",6495879
"Evan Fischer",7490793
"Evan Fischer",6107681
"Evan Fischer",6495880
"Evan Fischer",7439069
"Evan Fischer",7447697
"Evan Fischer",7470039
"Evan Fischer",8276004
"Evan Fischer",8474786
"Evan Fischer",8476529
"Evan Fischer",6495879
"Evan Fischer",6107671
"Evan Fischer",7447723
"Evan Fischer",8889936
"Evan Fischer",8276003
"Evan Fischer",8474778
"Evan Fischer",8474779
"Evan Fischer",8476530
"Evan Fischer",8276004
"Evan Fischer",6495879
"Evan Fischer",7490793
"Evan Fischer",8276003
"Evan Fischer",8474778
"Evan Fischer",8474779
"Evan Fischer",8476530
"Evan Fischer",4401721
"Evan Fischer",6495879
"Evan Fischer",7490793
"Evan Fischer",8276004
"Evan Fischer",6107681
"Evan Fischer",6495880
"Evan Fischer",7439069
"Evan Fischer",7447697
"Evan Fischer",7470039
"Evan Fischer",8474786
"Evan Fischer",8476529
"Evan Fischer",6246983
"Evan Fischer",6246983
"Evan Fischer",6107673
"Evan Fischer",7447697
"Evan Fischer",2383472
"Evan Fischer",8276003
"Evan Fischer",8474778
"Evan Fischer",8474779
"Evan Fischer",8476530
"Evan Fischer",8276004
"Evan Fischer",8276004
"Evan Fischer",2383472
"Evan Fischer",2383472
"Evan Fischer",7447724
"Evan Fischer",4401724
"Evan Fischer",8983468
"Evan Fischer",8983469
"Evan Fischer",8983470
"Evan Fischer",5749928
"Evan Fischer",5749929
"Evan Fischer",7770491
"Evan Fischer",8431029
"Evan Fischer",8996567
"Evan Fischer",9066977
"Evan Fischer",9066980
"Evan Fischer",5749928
"Evan Fischer",5749929
"Evan Fischer",7770491
"Evan Fischer",8431029
"Evan Fischer",8996567
"Evan Fischer",9066977
"Evan Fischer",9066980
"Evan Fischer",7770491
"Evan Fischer",8996567
"Evan Fischer",9066977
"Evan Fischer",9066980
"Evan Fischer",7770491
"Evan Fischer",7770491
"Evan Fischer",5749925
"Evan Fischer",7447731
"Evan Fischer",7490794
"Evan Fischer",7490815
"Evan Fischer",8276007
"Evan Fischer",8286401
"Evan Fischer",8473517
"Evan Fischer",8473527
"Evan Fischer",9529808
"Evan Fischer",5749925
"Evan Fischer",7447731
"Evan Fischer",7490794
"Evan Fischer",7490815
"Evan Fischer",8474774
"Evan Fischer",7770494
"Evan Fischer",2390557
"Evan Fischer",2390558
"Evan Fischer",6495881
"Evan Fischer",6107676
"Evan Fischer",7447728
"Evan Fischer",2355262
"Evan Fischer",2375421
"Evan Fischer",4401723
"Evan Fischer",8431032
"Evan Fischer",4401730
"Evan Fischer",8996562
"Evan Fischer",4401730
"Evan Fischer",8473513
"Evan Fischer",5749927
"Evan Fischer",8474768
"Evan Fischer",4401730
"Evan Fischer",8996562
"Evan Fischer",4401730
"Evan Fischer",8996562
"Evan Fischer",4401725
"Evan Fischer",5749925
"Evan Fischer",6107677
"Evan Fischer",6107678
"Evan Fischer",7470043
"Evan Fischer",8276005
"Evan Fischer",8276006
"Evan Fischer",8276007
"Evan Fischer",8276064
"Evan Fischer",8473517
"Evan Fischer",8473527
"Evan Fischer",7447729
"Evan Fischer",7447730
"Evan Fischer",7470044
"Evan Fischer",4889267
"Evan Fischer",7770491
"Evan Fischer",4889267
"Evan Fischer",7770491
"Evan Fischer",4889267
"Evan Fischer",5749928
"Evan Fischer",5749929
"Evan Fischer",7770491
"Evan Fischer",8431029
"Evan Fischer",9066977
"Evan Fischer",4889267
"Evan Fischer",5749928
"Evan Fischer",5749929
"Evan Fischer",7770491
"Evan Fischer",8431029
"Evan Fischer",8996567
"Evan Fischer",9066977
"Evan Fischer",9066980
"Evan Fischer",4889267
"Evan Fischer",5749928
"Evan Fischer",5749929
"Evan Fischer",7770491
"Evan Fischer",8431029
"Evan Fischer",8996567
"Evan Fischer",9066977
"Evan Fischer",9066980
"Evan Fischer",4889267
"Evan Fischer",7770491
"Evan Fischer",8473515
"Evan Fischer",8473516
"Evan Fischer",8473526
"Evan Fischer",8473516
"Evan Fischer",4889267
"Evan Fischer",7770491
"Evan Fischer",2355270
"Evan Fischer",2355249
"Evan Fischer",2355250
"Evan Fischer",4401746
"Evan Fischer",2355249
"Evan Fischer",2355250
"Evan Fischer",4401746
"Evan Fischer",2355249
"Evan Fischer",2355250
"Evan Fischer",4401746
"Evan Fischer",4401746
"Evan Fischer",2355253
"Evan Fischer",2355249
"Evan Fischer",2355250
"Evan Fischer",4401746
"Evan Fischer",2355249
"Evan Fischer",2355250
"Evan Fischer",4401746
"Evan Fischer",2355249
"Evan Fischer",2355250
"Evan Fischer",2355249
"Evan Fischer",2355250
"Evan Fischer",4401746
"Evan Fischer",2355249
"Evan Fischer",2355250
"Evan Fischer",4401746
"Evan Fischer",2355254
"Evan Fischer",2355252
"Evan Fischer",4401747
"Evan Fischer",4401749
"Evan Fischer",2355252
"Evan Fischer",4401747
"Evan Fischer",7770492
"Evan Fischer",7770493
"Evan Fischer",7770530
"Evan Fischer",2355252
"Evan Fischer",2355249
"Evan Fischer",2355250
"Evan Fischer",2355252
"Evan Fischer",4401747
"Evan Fischer",7770492
"Evan Fischer",7770493
"Evan Fischer",7770530
"Evan Fischer",4401749
"Evan Fischer",7770492
"Evan Fischer",7770493
"Evan Fischer",7770530
"Evan Fischer",8473510
"Evan Fischer",7447719
"Evan Fischer",8915593
"Evan Fischer",8996565
"Evan Fischer",8996566
"Evan Fischer",8996569
"Evan Fischer",4401747
"Evan Fischer",7770492
"Evan Fischer",7770493
"Evan Fischer",7770530
"Evan Fischer",2355255
"Evan Fischer",2355257
"Evan Fischer",2355258
"Evan Fischer",4401733
"Evan Fischer",6495887
"Evan Fischer",6495888
"Evan Fischer",7493767
"Evan Fischer",9680818
"Evan Fischer",9680819
"Evan Fischer",9680820
"Evan Fischer",2355255
"Evan Fischer",4015846
"Evan Fischer",5749924
"Evan Fischer",8983467
"Evan Fischer",4015846
"Evan Fischer",4401719
"Evan Fischer",2355255
"Evan Fischer",2355257
"Evan Fischer",6495887
"Evan Fischer",6495888
"Evan Fischer",7493767
"Evan Fischer",9680819
"Evan Fischer",9680820
"Evan Fischer",6495887
"Evan Fischer",6495888
"Evan Fischer",7493767
"Evan Fischer",9680819
"Evan Fischer",9680820
"Evan Fischer",6107668
"Evan Fischer",6495887
"Evan Fischer",6495888
"Evan Fischer",7493767
"Evan Fischer",9680819
"Evan Fischer",9680820
"Evan Fischer",8276016
"Evan Fischer",8295920
"Evan Fischer",8295921
"Evan Fischer",8295927
"Evan Fischer",8915593
"Evan Fischer",2355256
"Evan Fischer",6747918
"Evan Fischer",7492783
"Evan Fischer",4401739
"Evan Fischer",8286402
"Evan Fischer",4401745
"Evan Fischer",6246982
"Evan Fischer",7470046
"Evan Fischer",4401745
"Evan Fischer",6246982
"Evan Fischer",7470046
"Evan Fischer",4401739
"Evan Fischer",7447897
"Evan Fischer",8800238
"Evan Fischer",2355256
"Evan Fischer",6747918
"Evan Fischer",7492783
"Evan Fischer",6107665
"Evan Fischer",6749029
"Evan Fischer",7492784
"Evan Fischer",2355259
"Evan Fischer",2355260
"Evan Fischer",8431030
"Evan Fischer",2355264
"Evan Fischer",2355265
"Evan Fischer",7447703
"Evan Fischer",7470050
"Evan Fischer",8474782
"Evan Fischer",8476533
"Evan Fischer",8800236
"Evan Fischer",8800246
"Evan Fischer",7447704
"Evan Fischer",7447705
"Evan Fischer",7447707
"Evan Fischer",7470045
"Evan Fischer",6107670
"Evan Fischer",5749932
"Evan Fischer",5749933
"Evan Fischer",5792701
"Evan Fischer",6471698
"Evan Fischer",7490800
"Evan Fischer",7490818
"Evan Fischer",6107670
"Evan Fischer",8474784
"Evan Fischer",8474785
"Evan Fischer",8476531
"Evan Fischer",8474784
"Evan Fischer",8474785
"Evan Fischer",8476531
"Evan Fischer",8474784
"Evan Fischer",8474785
"Evan Fischer",8476531
"Evan Fischer",8915593
"Evan Fischer",2355255
"Evan Fischer",7447719
"Evan Fischer",6107668
"Evan Fischer",6107669
"Evan Fischer",8431031
"Evan Fischer",6107668
"Evan Fischer",6107669
"Evan Fischer",8431031
"Evan Fischer",2355254
"Evan Fischer",4401726
"Evan Fischer",4401727
"Evan Fischer",7470048
"Evan Fischer",5749934
"Evan Fischer",5749935
"Evan Fischer",6773113
"Evan Fischer",2355261
"Evan Fischer",2355261
"Evan Fischer",7447694
"Evan Fischer",8295916
"Evan Fischer",8474767
"Evan Fischer",8474765
"Evan Fischer",8474766
"Evan Fischer",8476532
"Evan Fischer",8295916
"Evan Fischer",8474767
"Evan Fischer",8276004
"Evan Fischer",8276004
"Evan Fischer",7447693
"Evan Fischer",8286403
"Evan Fischer",7447693
"Evan Fischer",6107666
"Evan Fischer",7492783
"Evan Fischer",2383472
"Evan Fischer",6107666
"Evan Fischer",4401739
"Evan Fischer",8286402
"Evan Fischer",6749029
"Evan Fischer",4401745
"Evan Fischer",6246982
"Evan Fischer",7447711
"Evan Fischer",7470046
"Evan Fischer",7447702
"Evan Fischer",4401745
"Evan Fischer",6246982
"Evan Fischer",7470046
"Evan Fischer",8952184
"Evan Fischer",8952186
"Evan Fischer",7492783
"Evan Fischer",6749029
"Evan Fischer",7492783
"Evan Fischer",2383472
"Evan Fischer",7447691
"Evan Fischer",4401732
"Evan Fischer",4401732
"Evan Fischer",7777719
"Evan Fischer",2355273
"Evan Fischer",7447726
"Evan Fischer",7490795
"Evan Fischer",8276010
"Evan Fischer",8276012
"Evan Fischer",8276066
"Evan Fischer",8474783
"Evan Fischer",8476528
"Evan Fischer",7447691
"Evan Fischer",8996563
"Evan Fischer",4401740
"Evan Fischer",7777720
"Evan Fischer",7447691
"Evan Fischer",4401740
"Evan Fischer",7777720
"Evan Fischer",4401740
"Evan Fischer",7777720
"Evan Fischer",4401740
"Evan Fischer",7777720
"Evan Fischer",8276011
"Evan Fischer",8276012
"Evan Fischer",8276067
"Evan Fischer",6495889
"Evan Fischer",7447696
"Evan Fischer",7447700
"Evan Fischer",7470047
"Evan Fischer",7447700
"Evan Fischer",2355262
"Evan Fischer",2375421
"Evan Fischer",4401723
"Evan Fischer",8431032
"Evan Fischer",7447732
"Evan Fischer",7447733
"Evan Fischer",8276007
"Evan Fischer",8473517
"Evan Fischer",8473527
"Evan Fischer",8918059
"Evan Fischer",4401726
"Evan Fischer",4401727
"Evan Fischer",7447721
"Evan Fischer",7447722
"Evan Fischer",7470048
"Evan Fischer",7470049
"Evan Fischer",7770494
"Evan Fischer",9529808
"Evan Fischer",4401724
"Evan Fischer",8983468
"Evan Fischer",8983469
"Evan Fischer",8983470
"Evan Fischer",5749393
"Evan Fischer",5953345
"Evan Fischer",7438613
"Evan Fischer",8473514
"Evan Fischer",8473528
"Evan Fischer",7272266
"Evan Fischer",2383472
"Evan Fischer",5749392
"Evan Fischer",2383472
"Evan Fischer",7447706
"Evan Fischer",6107672
"Evan Fischer",7447717
"Evan Fischer",6107672
"Evan Fischer",8276008
"Evan Fischer",8276009
"Evan Fischer",8276065
"Evan Fischer",7447727
"Evan Fischer",7490796
"Evan Fischer",7490816
"Evan Fischer",7447724
"Evan Fischer",4401724
"Evan Fischer",8983468
"Evan Fischer",8983469
"Evan Fischer",8983470
"Evan Fischer",2390557
"Evan Fischer",2390558
"Evan Fischer",6495881
"Evan Fischer",2355262
"Evan Fischer",2375421
"Evan Fischer",4401723
"Evan Fischer",8431032
"Evan Fischer",6107676
"Evan Fischer",7447728
"Evan Fischer",2383472
"Evan Fischer",8473515
"Evan Fischer",8473516
"Evan Fischer",8473526
"Evan Fischer",4401723
"Evan Fischer",6107681
"Evan Fischer",8474786
"Evan Fischer",8474787
"Evan Fischer",8476529
"Evan Fischer",2383472
"Evan Fischer",2383472
"Evan Fischer",6107681
"Evan Fischer",8474786
"Evan Fischer",8474787
"Evan Fischer",8476529
"Evan Fischer",2383472
"Evan Fischer",8915591
"Evan Fischer",8474787
"Evan Fischer",2355259
"Evan Fischer",2355260
"Evan Fischer",2383472
"Evan Fischer",4401742
"Evan Fischer",4401743
"Evan Fischer",7447704
"Evan Fischer",7447705
"Evan Fischer",7447707
"Evan Fischer",7447718
"Evan Fischer",7447725
"Evan Fischer",7470045
"Evan Fischer",7470052
"Evan Fischer",7490799
"Evan Fischer",8431030
"Evan Fischer",8463290
"Evan Fischer",9059569
"Evan Fischer",2383472
"Evan Fischer",4401742
"Evan Fischer",4401743
"Evan Fischer",7447718
"Evan Fischer",7447725
"Evan Fischer",7470052
"Evan Fischer",7490799
"Evan Fischer",8463290
"Evan Fischer",9059569
"Evan Fischer",2383472
"Evan Fischer",2383472
"Evan Fischer",2355264
"Evan Fischer",2355265
"Evan Fischer",2383472
"Evan Fischer",4889270
"Evan Fischer",4889271
"Evan Fischer",5749932
"Evan Fischer",5749933
"Evan Fischer",5792701
"Evan Fischer",6471698
"Evan Fischer",7447703
"Evan Fischer",7470050
"Evan Fischer",7470051
"Evan Fischer",7490800
"Evan Fischer",7490818
"Evan Fischer",8474782
"Evan Fischer",8476533
"Evan Fischer",8800236
"Evan Fischer",8800246
"Evan Fischer",2355263
"Evan Fischer",2383472
"Evan Fischer",2383472
"Evan Fischer",2355263
"Evan Fischer",2355270
"Evan Fischer",2355263
"Evan Fischer",2383472
"Evan Fischer",2383472
"Evan Fischer",6495883
"Evan Fischer",2383472
"Evan Fischer",2383472
"Evan Fischer",2355263
"Evan Fischer",2355263
"Evan Fischer",2383472
"Evan Fischer",2355263
"Evan Fischer",2383472
"Evan Fischer",4401735
"Evan Fischer",6495883
"Evan Fischer",7447699
"Evan Fischer",7470053
"Evan Fischer",8800237
"Evan Fischer",8988662
"Evan Fischer",2383472
"Evan Fischer",2383472
"Evan Fischer",2383472
"Evan Fischer",4889270
"Evan Fischer",4889271
"Evan Fischer",5749931
"Evan Fischer",7470051
"Evan Fischer",8295917
"Evan Fischer",8295918
"Evan Fischer",8295926
"Evan Fischer",8995556
"Evan Fischer",4889270
"Evan Fischer",4889271
"Evan Fischer",5749931
"Evan Fischer",7470051
"Evan Fischer",8295917
"Evan Fischer",8295918
"Evan Fischer",8295926
"Evan Fischer",8995556
"Evan Fischer",2355263
"Evan Fischer",2355266
"Evan Fischer",2383472
"Evan Fischer",4401742
"Evan Fischer",4401743
"Evan Fischer",7447725
"Evan Fischer",7470052
"Evan Fischer",7490799
"Evan Fischer",8286404
"Evan Fischer",8421428
"Evan Fischer",8988662
"Evan Fischer",9059569
"Evan Fischer",8474784
"Evan Fischer",8474785
"Evan Fischer",8476531
"Evan Fischer",5749932
"Evan Fischer",5749933
"Evan Fischer",5792701
"Evan Fischer",6471698
"Evan Fischer",7490800
"Evan Fischer",7490818
"Evan Fischer",5749932
"Evan Fischer",5749933
"Evan Fischer",5792701
"Evan Fischer",6471698
"Evan Fischer",7490800
"Evan Fischer",7490818
"Evan Fischer",4401736
"Evan Fischer",7439070
"Evan Fischer",8276015
"Evan Fischer",5749932
"Evan Fischer",5749933
"Evan Fischer",6471698
"Evan Fischer",5749932
"Evan Fischer",5749933
"Evan Fischer",6471698
"Evan Fischer",2355268
"Evan Fischer",2355267
"Evan Fischer",7492785
"Evan Fischer",7527865
"Evan Fischer",2355253
"Evan Fischer",7447719
"Evan Fischer",7492785
"Evan Fischer",2383472
"Evan Fischer",6107673
"Evan Fischer",7447697
"Evan Fischer",2355267
"Evan Fischer",7492785
"Evan Fischer",7527865
"Evan Fischer",2355268
"Evan Fischer",7527866
"Evan Fischer",2355267
"Evan Fischer",7527865
"Evan Fischer",2355269
"Evan Fischer",8276013
"Evan Fischer",8421427
"Evan Fischer",8474780
"Evan Fischer",8474781
"Evan Fischer",8476534
"Evan Fischer",8915592
"Evan Fischer",4401748
"Evan Fischer",2398693
"Evan Fischer",7447719
"Evan Fischer",4401748
"Evan Fischer",6107674
"Evan Fischer",6107674
"Evan Fischer",6107674
"Evan Fischer",6107674
"Evan Fischer",6107674
"Evan Fischer",6107674
"Evan Fischer",6495887
"Evan Fischer",6495888
"Evan Fischer",7493767
"Evan Fischer",8799919
"Evan Fischer",9680819
"Evan Fischer",9680820
"Evan Fischer",8474780
"Evan Fischer",8474781
"Evan Fischer",8476534
"Evan Fischer",8915592
"Evan Fischer",6107674
"Evan Fischer",8996565
"Evan Fischer",8996566
"Evan Fischer",8996569
"Evan Fischer",8295919
"Evan Fischer",2398693
"Evan Fischer",4401718
"Evan Fischer",4401731
"Evan Fischer",7470054
"Evan Fischer",9055240
"Evan Fischer",2398693
"Evan Fischer",4401718
"Evan Fischer",4401731
"Evan Fischer",7447715
"Evan Fischer",7470054
"Evan Fischer",9055240
"Evan Fischer",2398693
"Evan Fischer",7447715
"Evan Fischer",8474775
"Evan Fischer",9055240
"Evan Fischer",2398693
"Evan Fischer",4401718
"Evan Fischer",4401731
"Evan Fischer",7470054
"Evan Fischer",9055240
"Evan Fischer",2398693
"Evan Fischer",6747917
"Evan Fischer",8915594
"Evan Fischer",6747917
"Evan Fischer",7447716
"Evan Fischer",7447716
"Evan Fischer",6747917
"Evan Fischer",7447712
"Evan Fischer",2355270
"Evan Fischer",2383472
"Evan Fischer",2355270
"Evan Fischer",2355272
"Evan Fischer",2355273
"Evan Fischer",2383472
"Evan Fischer",4401744
"Evan Fischer",6495889
"Evan Fischer",7447726
"Evan Fischer",7490795
"Evan Fischer",8276010
"Evan Fischer",8276011
"Evan Fischer",8276012
"Evan Fischer",8276066
"Evan Fischer",8276067
"Evan Fischer",8474783
"Evan Fischer",8476528
"Evan Fischer",2355269
"Evan Fischer",2355270
"Evan Fischer",2355271
"Evan Fischer",2383472
"Evan Fischer",2355270
"Evan Fischer",2383472
"Evan Fischer",2355270
"Evan Fischer",2355270
"Evan Fischer",2383472
"Evan Fischer",2355270
"Evan Fischer",2383472
"Evan Fischer",2355270
"Evan Fischer",2355270
"Evan Fischer",2355270
"Evan Fischer",2355270
"Evan Fischer",2375420
"Evan Fischer",2383472
"Evan Fischer",6495884
"Evan Fischer",6495885
"Evan Fischer",6765004
"Evan Fischer",8474772
"Evan Fischer",8476526
"Evan Fischer",2375420
"Evan Fischer",2383472
"Evan Fischer",5749930
"Evan Fischer",6495884
"Evan Fischer",6495885
"Evan Fischer",6765004
"Evan Fischer",8431025
"Evan Fischer",7490797
"Evan Fischer",7490798
"Evan Fischer",7490817
"Evan Fischer",2375420
"Evan Fischer",6495884
"Evan Fischer",6495885
"Evan Fischer",6765004
"Evan Fischer",8474770
"Evan Fischer",8474771
"Evan Fischer",8474773
"Evan Fischer",8476535
"Evan Fischer",2355273
"Evan Fischer",6495889
"Evan Fischer",7447726
"Evan Fischer",8474783
"Evan Fischer",8476528
"Evan Fischer",2355274
"Evan Fischer",7447696
"Evan Fischer",7447700
"Evan Fischer",7447726
"Evan Fischer",7470047
"Evan Fischer",2355270
"Evan Fischer",2383472
"Evan Fischer",2383472
"Evan Fischer",8397429
"Evan Fischer",2383472
"Evan Fischer",7447695
"Evan Fischer",7447696
"Evan Fischer",7447700
"Evan Fischer",7470047
"Evan Fischer",5953344
"Evan Fischer",2355272
"Evan Fischer",2355273
"Evan Fischer",4401744
"Evan Fischer",7447726
"Evan Fischer",8276011
"Evan Fischer",8276012
"Evan Fischer",8276067
"Evan Fischer",8474783
"Evan Fischer",8476528
"Evan Fischer",2355269
"Evan Fischer",8295919
"Evan Fischer",6495884
"Evan Fischer",6495885
"Evan Fischer",6765004
"Evan Fischer",6495889
"Evan Fischer",2355275
"Evan Fischer",2355277
"Evan Fischer",2355278
"Evan Fischer",7447692
"Evan Fischer",2355275
"Evan Fischer",2355277
"Evan Fischer",2355278
"Evan Fischer",6469873
"Evan Fischer",7447692
"Evan Fischer",4401737
"Evan Fischer",4401738
"Evan Fischer",6468075
"Evan Fischer",7843777
"Evan Fischer",9680828
"Evan Fischer",9680829
"Evan Fischer",9680830
"Evan Fischer",9680831
"Evan Fischer",9680832
"Evan Fischer",2355275
"Evan Fischer",2355277
"Evan Fischer",2355278
"Evan Fischer",8924464
"Evan Fischer",8924465
"Evan Fischer",8924467
"Evan Fischer",8474776
"Evan Fischer",8474777
"Evan Fischer",8476527
"Evan Fischer",8474776
"Evan Fischer",8474777
"Evan Fischer",8476527
"Evan Fischer",6107667
"Evan Fischer",8996564
"Evan Fischer",6495886
"Evan Fischer",7447709
"Evan Fischer",7470057
"Evan Fischer",6107667
"Evan Fischer",8996564
"Evan Fischer",8276014
"Evan Fischer",8996564
"Evan Fischer",8996564
